ad4game.com,0,0,0,0,0,0,3
www.aftonbladet.se,0,3,2,0,0,1,2
uae.souq.com,0,4,0,0,2,0,1
webssearches.com,0,0,0,0,0,0,0
www.directrev.com,0,0,0,0,0,0,4
sharelive.net,0,1,0,0,0,0,0
www.kijiji.ca,0,0,0,0,2,0,0
www.iflscience.com,0,0,0,0,0,2,2
moz.com,0,3,2,0,0,0,2
www.youdao.com,0,0,0,0,0,0,0
elpais.com,0,7,0,0,1,0,0
themeforest.net,0,0,0,0,0,0,0
www.babylon.com,0,1,0,0,0,0,0
www.nfl.com,0,0,0,0,0,0,0
www.tripadvisor.com,0,1,0,0,0,0,0
archive.org,0,0,0,0,0,0,0
www.kaskus.co.id,0,4,0,0,0,1,1
cbslocal.com,0,12,10,0,0,1,8
media-fire.org,0,0,0,0,0,0,1
www.zappos.com,0,0,0,0,0,0,1
4dsply.com,0,1,0,0,0,0,0
www.usps.com,0,0,0,0,0,0,1
www.spankwire.com,0,2,1,0,0,16,0
www.worldstarhiphop.com,0,1,0,2,0,0,0
s2d6.com,0,0,0,0,0,0,0
www.mynet.com,0,0,0,0,0,0,0
www.joomla.org,0,2,0,1,0,2,1
www.vesti.ru,0,1,1,0,0,0,0
seekingalpha.com,0,6,5,0,0,0,4
www.samsung.com,0,1,1,0,0,0,0
www.engadget.com,0,0,0,0,0,0,0
www.avira.com,0,0,0,0,0,0,0
www.indiatimes.com,0,11,9,0,0,0,1
www.typepad.com,0,0,0,0,0,0,0
www.google.com,0,0,0,0,0,0,0
ria.ru,0,5,2,0,0,0,0
www.hm.com,0,0,0,0,0,0,0
issuu.com,0,0,0,0,0,0,1
clkmon.com,0,0,0,0,0,0,1
www.indeed.com,0,0,0,0,0,0,0
rutracker.org,0,0,0,0,0,0,0
www.amazon.co.jp,0,0,0,0,0,0,0
www.prothom-alo.com,0,0,0,0,0,0,0
www.zillow.com,0,0,0,0,0,0,0
www.weather.com,0,12,5,0,1,0,3
www.booking.com,0,0,0,0,0,0,0
gizmodo.com,0,1,0,0,0,0,0
www.tukif.com,0,1,0,0,0,0,0
www.it168.com,0,0,0,0,0,0,0
hypergames.net,0,1,1,0,0,0,0
www.mediafire.com,0,1,0,0,0,0,1
www.mercadolibre.com.mx,0,3,1,0,6,1,0
www.cbsnews.com,0,5,0,0,2,1,0
www.gateable.com,0,0,0,0,0,0,0
www.deviantart.com,0,1,0,0,0,0,1
www.airtel.in,0,0,0,0,0,0,3
likes.com,0,2,0,0,1,0,0
icicibank.com,0,0,0,0,0,2,0
www.thehindu.com,0,5,3,0,0,2,0
www.y8.com,0,2,0,0,0,0,1
www.careerbuilder.com,0,16,0,0,0,0,1
www.trulia.com,0,6,3,0,0,0,0
jquery.com,0,1,0,0,0,0,0
www.microsoft.com,0,0,0,0,0,0,0
www.answers.com,0,6,3,0,0,0,6
www.picmonkey.com,0,3,0,0,0,0,0
www.reddit.com,0,1,0,0,0,0,0
histats.com,0,0,0,2,1,0,0
pchome.com.tw,0,1,0,1,1,0,0
www.yelp.com,0,0,0,0,0,0,0
login.live.com,0,0,0,0,0,0,0
bankmellat.ir,0,0,0,0,0,0,0
www.priceline.com,0,0,0,0,0,0,0
lenovo.com,0,4,0,0,2,0,0
www.usmagazine.com,0,0,0,0,0,0,0
www.dell.com,0,1,1,1,1,0,0
nih.gov,0,2,0,0,0,0,1
www.mmbang.com,0,2,2,0,0,2,0
www.olx.in,0,0,0,0,0,0,0
rapidgator.net,0,0,0,0,0,0,0
www.android.com,0,0,0,0,0,0,0
www.bbc.com,0,0,0,0,0,1,0
www.alipay.com,0,0,0,1,0,0,0
www.lady8844.com,0,0,0,0,0,0,1
www.sahibinden.com,0,0,0,0,0,0,0
www.hstpnetwork.com,0,5,2,0,0,0,0
www.zimbio.com,0,0,0,0,0,0,0
europa.eu,0,0,0,0,0,0,0
irctc.co.in,0,0,0,0,0,0,0
www.bloglovin.com,0,0,0,0,0,0,0
www.webhostingtalk.com,0,5,5,0,0,0,0
www.tianya.cn,0,0,0,0,0,0,0
eztv.it,0,0,0,0,1,0,0
ero-advertising.com,0,2,0,0,0,0,0
www.hulu.com,0,0,0,0,0,0,0
www.quora.com,0,7,1,1,2,0,0
chaturbate.com,0,0,0,0,0,0,0
www.entrepreneur.com,0,0,0,0,0,0,0
www.elegantthemes.com,0,0,0,0,0,0,0
www.chase.com,0,0,0,0,0,0,0
fr.fotolia.com,0,0,0,0,0,0,0
www.craigslist.org,0,0,0,0,0,0,0
www.globo.com,0,0,0,0,0,0,0
www.milliyet.com.tr,0,2,0,0,0,0,2
www.stumbleupon.com,0,7,0,0,0,0,2
www.baidu.com,0,0,0,0,0,0,0
www.asos.com,0,0,0,0,0,0,0
rt.com,0,0,0,0,0,0,0
ya.ru,0,3,1,1,1,2,0
goo.gl,0,0,0,0,0,0,0
farsnews.com,0,0,0,0,0,0,0
www.searchfun.in,0,0,0,0,0,0,0
diply.com,0,0,0,0,0,0,3
www.gsmarena.com,0,1,0,0,0,0,1
allrecipes.com,0,0,0,0,1,0,0
www.be.kayak.com,0,0,0,0,0,0,0
www.avito.ru,0,0,0,0,0,0,0
cnzz.com,0,0,0,0,0,0,0
orf.at,0,0,0,0,0,0,0
www.oracle.com,0,2,2,0,0,0,0
popcash.net,0,1,0,0,0,0,2
blogfa.com,0,0,0,0,0,0,0
www.welt.de,0,0,0,0,0,0,0
www.warriorforum.com,0,2,2,0,0,0,0
mail.ru,0,1,1,0,0,0,0
wordpress.com,0,0,0,0,0,0,1
www.myfitnesspal.com,0,5,2,0,0,0,1
www.so.com,0,1,1,0,0,0,0
www.digikala.com,0,12,1,0,0,0,2
www.tmall.com,0,0,0,0,0,0,0
www.ubuntu.com,0,0,0,0,0,0,1
www.yandex.com.tr,0,3,0,1,1,1,0
www.howstuffworks.com,0,0,0,0,0,0,0
www.indiamart.com,0,1,0,0,0,0,0
kakaku.com,0,0,0,0,0,0,0
www.mysql.com,0,0,0,0,0,0,0
www.dmm.com,0,0,0,0,0,0,0
store.steampowered.com,0,13,10,0,2,0,4
udn.com,0,4,0,0,0,0,0
uk.match.com,0,17,16,0,1,0,10
www.dafont.com,0,0,0,0,0,0,0
www.blackhatworld.com,0,6,3,0,0,0,3
www.cloudfront.net,0,0,0,0,0,0,0
en.over-blog.com,0,0,0,0,0,0,0
thefreecamsecret.com,0,1,0,0,2,0,0
drudgereport.com,0,3,0,0,0,0,0
stackexchange.com,0,1,0,0,0,0,0
mp3skull.com,0,0,0,0,0,0,0
www.amazon.co.uk,0,0,0,0,0,0,1
dantri.com.vn,0,0,0,0,0,0,0
keepvid.com,0,0,0,0,0,0,0
narod.ru,0,1,0,0,0,0,2
nl.surveymonkey.com,0,0,0,0,0,0,0
thepiratebay.se,0,0,0,0,0,0,0
www.haberturk.com,0,2,1,0,0,0,1
www.dailymail.co.uk,0,0,0,0,0,0,0
squarespace.com,0,1,1,0,0,0,0
www.shopclues.com,0,2,2,0,0,1,1
fatakat.com,0,0,0,0,0,0,0
feedly.com,0,0,0,0,0,0,0
www.commentcamarche.net,0,2,1,0,0,0,1
www.softpedia.com,0,3,2,0,0,0,1
www04.eyny.com,0,0,0,0,0,0,0
be.jobrapido.com,0,0,0,0,0,0,0
www.over-blog.com,0,1,1,0,0,0,0
www.sky.com,0,1,0,0,0,0,1
www.tumblr.com,0,9,8,0,3,0,4
in.bookmyshow.com,0,0,0,0,0,0,1
www.sexlog.com,0,1,1,0,0,0,0
www.hupu.com,0,1,1,0,0,0,0
www.leadpages.net,0,4,0,1,0,4,2
www.milanuncios.com,0,0,0,0,1,0,0
www.mama.cn,0,1,1,2,1,1,0
www.capitalone.com,0,1,0,0,0,0,1
www.rakuten.co.jp,0,0,0,0,0,2,0
www.ups.com,0,0,0,0,0,0,0
tabelog.com,0,0,0,0,0,0,0
www.expedia.be,0,2,0,0,0,0,0
www.bing.com,0,0,0,0,0,0,0
letitbit.net,0,8,5,0,0,2,0
nl.pcmag.com,0,0,0,0,0,0,0
espn.go.com,0,1,1,7,0,3,4
photobucket.com,0,0,0,0,0,0,0
www.houzz.com,0,1,0,0,0,0,0
www.yoka.com,0,3,1,0,0,0,0
www.leo.org,0,0,0,0,0,0,0
news.zing.vn,0,13,8,2,0,0,3
www.outbrain.com,0,2,0,0,0,0,0
be.godaddy.com,0,0,0,0,0,0,0
www.homedepot.com,0,0,0,0,0,0,0
subscene.com,0,0,0,0,0,0,0
disqus.com,0,1,0,0,0,0,0
www.nike.com,0,0,0,0,0,0,0
twitter.com,0,3,0,0,0,0,0
facenama.com,0,0,0,0,0,0,0
www.nate.com,0,1,1,0,0,0,1
www.jd.com,0,5,0,0,1,0,4
www.repubblica.it,0,0,0,0,0,0,0
who.is,0,3,1,1,0,4,1
imgur.com,0,0,0,0,0,0,0
www.interia.pl,0,10,6,0,1,1,2
www.india.com,0,1,1,0,0,0,2
www.taringa.net,0,5,2,0,2,0,1
vnexpress.net,0,0,0,0,0,0,0
www.gutefrage.net,0,8,0,2,3,2,1
www.hostgator.com,0,4,1,0,0,0,3
www.foxnews.com,0,1,0,0,0,0,1
stockstar.com,0,4,1,0,0,0,1
www.wellsfargo.com,0,0,0,0,0,0,0
www.pch.com,0,1,1,0,0,0,1
www.qinbei.com,0,0,0,0,0,0,0
www.verizonwireless.com,0,2,2,0,0,0,0
www.americanexpress.com,0,0,0,0,0,0,0
online.citibank.com,0,0,0,0,0,0,0
ovh.net,0,0,0,0,0,0,0
www.domaintools.com,0,1,0,0,0,0,0
104.com.tw,0,0,0,0,0,0,0
www.cnet.com,0,2,0,0,0,0,0
www.mbc.net,0,0,0,0,0,0,0
www.pixiv.net,0,0,0,0,0,0,1
www.ucoz.ru,0,1,1,0,0,0,0
www.in.com,0,18,0,0,0,0,2
abcnews.go.com,0,9,8,0,0,0,0
www.iminent.com,0,1,0,0,0,0,1
www.xcar.com.cn,0,5,4,1,2,0,1
www.porn.com,0,0,0,0,0,2,0
www.corriere.it,0,0,0,0,0,0,1
www.dict.cc,0,0,0,0,0,0,0
tinypic.com,0,0,0,0,0,0,0
www.plaintube.com,0,0,0,0,0,0,0
sakura.ne.jp,0,3,0,0,0,0,0
www.elance.com,0,0,0,0,0,0,0
www.forbes.com,0,0,0,0,0,0,0
www.newegg.com,0,2,0,0,0,1,0
www.sogou.com,0,0,0,0,0,0,0
www.chexun.com,0,0,0,0,3,0,0
putlocker.bz,0,0,0,0,0,0,1
github.com,0,0,0,0,1,0,0
www.caijing.com.cn,0,3,0,1,0,0,2
www.xnxx.com,0,3,1,0,1,0,0
lockerdome.com,0,2,0,0,0,0,2
www.myntra.com,0,0,0,0,0,0,0
www.nairaland.com,0,0,0,0,0,2,0
www.ehow.com,0,0,0,0,0,6,0
nl.hotels.com,0,5,1,0,0,0,0
www.youtube-mp3.org,0,0,0,0,0,0,0
www.goal.com,0,0,0,0,1,0,1
www.alarabiya.net,0,2,0,1,0,4,0
persianblog.ir,0,0,0,0,0,0,0
blogspot.com.tr,0,0,0,0,0,0,0
www.fiverr.com,0,4,0,0,0,0,2
www.indianrail.gov.in,0,0,0,0,0,0,0
hubpages.com,0,2,0,0,0,0,0
www.aili.com,0,2,0,0,0,0,0
bp.blogspot.com,0,0,0,0,0,0,0
www.hatena.ne.jp,0,6,6,0,0,0,0
mailchimp.com,0,0,0,0,0,0,0
pantip.com,0,1,1,0,0,0,0
www.jvzoo.com,0,4,3,0,0,0,0
www.naukri.com,0,0,0,0,0,0,0
www.adobe.com,0,0,0,0,0,0,0
samsung.com,0,0,0,0,0,0,0
www.nownews.com,0,1,0,0,0,0,1
jqw.com,0,2,2,0,0,0,1
www.usbank.com,0,0,0,0,0,0,0
www.coupons.com,0,0,0,0,0,0,0
www.sape.ru,0,2,0,0,1,0,0
www.att.com,0,0,0,0,0,0,0
www.webmoney.ru,0,0,0,0,0,0,1
www.keezmovies.com,0,9,4,0,0,20,1
imageshack.com,0,0,0,0,0,0,1
www.espnfc.com,0,1,1,6,0,0,4
www.oneindia.in,0,18,4,0,0,0,2
systweak.com,0,0,0,0,0,0,0
www.cntv.cn,0,1,0,0,0,0,1
tistory.com,0,0,0,0,0,0,0
adultfriendfinder.com,0,4,2,0,0,1,1
www.ig.com.br,0,0,0,0,0,5,0
xuite.net,0,0,0,0,1,0,0
www.snapdeal.com,0,0,0,0,0,0,0
www.aol.com,0,3,0,0,0,0,0
www.ci123.com,0,3,0,0,0,0,3
www.infobae.com,0,1,0,0,0,0,2
www.gazeta.pl,0,0,0,0,0,0,0
zippyshare.com,0,0,0,0,0,0,0
www.timeanddate.com,0,0,0,0,0,0,0
www.pandora.com,0,0,0,0,0,0,0
ccb.com,0,0,0,0,0,0,0
www.speedtest.net,0,6,2,1,0,0,3
www.siteadvisor.com,0,0,0,0,0,0,0
www.pornhub.com,0,2,1,0,0,16,0
www.biglobe.ne.jp,0,0,0,0,0,0,0
www.about.com,0,1,0,0,0,0,1
bestblackhatforum.com,0,0,0,0,0,0,0
www.akamaihd.net,0,0,0,0,0,0,0
torrentz.eu,0,1,0,0,0,0,0
www.canada.ca,0,1,0,0,0,0,0
www.workercn.cn,0,1,0,0,0,0,0
time.com,0,5,5,0,0,0,2
www.accuweather.com,0,5,2,0,0,0,1
mgid.com,0,0,0,0,0,0,0
www.mysearchdial.com,0,0,0,0,0,0,1
www.taobao.com,0,0,0,0,0,0,0
mihanblog.com,0,0,0,0,0,0,10
www.getresponse.com,0,9,0,0,0,0,0
www.jimdo.com,0,14,14,0,1,0,9
www.autohome.com.cn,0,0,0,0,0,1,0
www.heise.de,0,0,0,0,0,0,0
www.haiwainet.cn,0,0,0,0,0,0,1
www.marketwatch.com,0,10,0,0,2,0,2
www.youku.com,0,0,0,0,0,0,0
www.overstock.com,0,0,0,0,1,1,0
www.appimat.com,0,2,0,0,0,0,0
gtmetrix.com,0,0,0,0,0,0,0
www.wiktionary.org,0,0,0,0,0,0,0
www.trovigo.com,0,2,0,0,0,0,0
qianlong.com,0,3,2,0,0,1,2
www.movie4k.to,0,2,1,0,0,0,0
www.wikia.com,0,1,0,0,0,0,0
www.flickr.com,0,0,0,0,0,0,0
www.wp.pl,0,0,0,0,0,0,0
www.nationalgeographic.com,0,0,0,0,0,0,0
z5x.net,0,0,0,0,0,0,1
mystart.com,0,2,0,0,0,0,0
www.pcbaby.com.cn,0,0,0,0,0,0,0
ca.gov,0,10,6,0,1,0,7
www.fedex.com,0,0,0,0,0,0,0
www.cbssports.com,0,12,0,0,2,0,2
www.virgilio.it,0,0,0,0,0,0,0
www.softonic.com,0,0,0,0,0,0,0
wordpress.org,0,1,1,0,0,0,4
extratorrent.cc,0,0,0,0,0,0,0
www.news.com.au,0,3,2,0,0,0,0
fc2.com,0,0,0,0,0,0,0
motherless.com,0,1,1,0,0,0,0
jvzoo.com,0,0,0,0,0,0,0
badoo.com,0,2,0,0,0,0,0
www.fool.com,0,1,0,1,0,0,0
www.delta.com,0,0,0,0,0,0,1
www.kompas.com,0,1,0,0,0,0,0
t.co,0,0,0,0,0,0,0
techcrunch.com,0,7,6,0,3,1,1
statcounter.com,0,0,0,0,0,0,0
www.abril.com.br,0,2,1,0,0,1,1
www.delta-search.com,0,1,0,0,0,0,0
www.ifeng.com,0,0,0,0,0,0,3
www.odesk.com,0,2,0,0,0,0,0
www.mercadolibre.com.ar,0,3,1,0,6,0,0
qone8.com,0,0,0,0,0,0,0
www.dreamstime.com,0,0,0,0,0,0,0
www.asus.com,0,4,2,0,0,0,0
stackoverflow.com,0,1,0,0,0,0,0
be.yahoo.com,0,0,0,0,0,0,0
www.zol.com.cn,0,1,1,3,2,0,2
wetter.com,0,6,2,0,0,0,0
justdial.com,0,0,0,0,0,0,0
www.thedailybeast.com,0,2,0,0,0,0,0
go.com,0,1,0,0,0,0,0
www.free.fr,0,0,0,1,0,0,0
www.monster.com,0,0,0,0,0,0,1
www.gmw.cn,0,0,0,0,0,0,0
www.retailmenot.com,0,4,0,1,0,0,0
www.horoscopedays.com,0,1,0,0,0,0,0
zeroredirect1.com,0,0,0,0,0,0,0
www.marca.com,0,0,0,0,0,0,1
www.okcupid.com,0,0,0,0,0,0,1
www.voc.com.cn,0,0,0,0,0,0,0
java.com,0,0,0,0,0,0,0
www.csdn.net,0,2,2,0,0,0,0
www.biblegateway.com,0,3,1,0,0,0,0
www.gismeteo.ru,0,1,0,0,3,0,0
www.examiner.com,0,1,1,0,0,0,0
nypost.com,0,5,5,0,2,0,6
www.jabong.com,0,1,0,0,1,0,0
taleo.net,0,0,0,0,0,0,0
edition.cnn.com,0,4,0,0,2,0,0
www.payoneer.com,0,2,0,0,0,0,0
blog.seesaa.jp,0,0,0,0,0,0,0
www.nuvid.com,0,2,2,0,0,0,0
www.chinatimes.com,0,0,0,0,0,0,0
www.immobilienscout24.de,0,0,0,0,0,0,0
www.4399.com,0,0,0,0,0,0,0
www.terra.com.br,0,2,2,0,0,0,0
58.com,0,0,0,0,0,0,0
ask.fm,0,1,0,0,0,0,0
www.bluehost.com,0,5,0,0,0,0,0
www.hurriyet.com.tr,0,0,0,0,0,0,0
www.onlinesbi.com,0,0,0,0,0,0,0
ameblo.jp,0,0,0,0,0,0,0
zeobit.com,0,0,0,0,0,0,0
www.goodgamestudios.com,0,1,1,0,0,0,0
it.altervista.org,0,0,0,0,0,0,0
media.tumblr.com,0,0,0,0,0,0,0
www.googleusercontent.com,0,0,0,0,0,0,0
www.bbc.co.uk,0,0,0,0,0,0,0
www.reuters.com,0,19,0,0,0,0,0
www.citrixonline.com,0,0,0,0,0,0,0
www.wired.com,0,6,2,0,0,0,2
vimeo.com,0,0,0,0,0,0,0
www.buenosearch.com,0,1,0,0,0,0,0
www.kooora.com,0,0,0,0,0,0,0
www.clickbank.com,0,15,14,0,2,0,16
www.libero.it,0,6,1,0,0,0,3
change.org,0,0,0,0,0,0,0
www.pravda.com.ua,0,12,2,3,0,0,7
nl.ign.com,0,2,1,0,0,0,0
www.mapquest.com,0,0,0,0,0,0,0
www.rtbpop.com,0,0,0,0,0,0,0
www.nydailynews.com,0,5,1,4,3,1,4
duckduckgo.com,0,0,0,0,0,0,0
www.w3.org,0,0,0,0,0,0,0
www.netflix.com,0,0,0,0,0,0,0
www.ning.com,0,1,0,1,0,0,1
pr-cy.ru,0,0,0,0,1,3,1
magento.com,0,4,2,1,1,1,0
www.rightmove.co.uk,0,0,0,0,0,0,0
streamcloud.eu,0,1,0,0,0,0,0
www.ebay.co.uk,0,0,0,0,0,0,0
www.gap.com,0,0,0,0,0,0,0
instagram.com,0,0,0,0,0,0,0
www.cy-pr.com,0,0,0,0,0,0,0
css-tricks.com,0,3,2,0,0,0,1
www.gamefaqs.com,0,2,0,0,2,0,0
www.macys.com,0,0,0,0,0,0,0
www.tomshardware.com,0,0,0,0,0,0,0
searchengineland.com,0,1,0,0,0,0,0
www.walmart.com,0,0,0,0,0,0,0
www.uimserv.net,0,0,0,0,0,0,0
www.aliexpress.com,0,5,3,1,1,0,1
www.google.com.ng,0,0,0,0,0,0,0
www.jeuxvideo.com,0,3,1,0,0,0,0
www.onet.pl,0,0,0,0,0,0,0
us.gameforge.com,0,0,0,0,0,0,0
www.google.dz,0,0,0,0,0,0,0
www.pcmag.com,0,3,0,0,0,0,0
www.ticketmaster.com,0,0,0,0,0,0,0
www.sunporno.com,0,8,1,0,0,0,5
www.empowernetwork.com,0,13,12,17,0,5,8
www.ileehoo.com,0,0,0,0,0,0,0
www.moneycontrol.com,0,1,0,0,0,0,0
www.washingtonpost.com,0,8,5,0,0,0,0
nl.bongacams.com,0,0,0,0,0,0,0
www.google.dk,0,0,0,0,0,0,0
www.yellowpages.com,0,12,11,0,1,0,7
www.lowes.com,0,10,3,0,0,0,1
www.target.com,0,0,0,0,0,0,0
tinyurl.com,0,0,0,0,0,0,1
news.distractify.com,0,1,1,0,0,0,2
openadserving.com,0,0,0,0,0,0,0
www.lanacion.com.ar,0,0,0,0,1,0,2
www.fifa.com,0,0,0,0,0,0,0
www.wunderground.com,0,18,5,0,1,0,3
www.google.es,0,0,0,0,0,0,0
uk.eonline.com,0,2,0,0,0,0,2
www.mackolik.com,0,0,0,0,0,0,0
www.daum.net,0,0,0,0,0,0,0
baidu.com,0,0,0,0,0,0,0
www.huanqiu.com,0,0,0,0,0,3,0
www.google.ca,0,0,0,0,0,0,0
www.google.com.ph,0,0,0,0,0,0,0
www.google.com.pe,0,0,0,0,0,0,0
www.urbandictionary.com,0,1,0,1,0,0,1
www.google.com.pk,0,0,0,0,0,0,0
www.informer.com,0,0,0,0,0,0,0
www.google.co.kr,0,0,0,0,0,0,0
www.cnbc.com,0,1,1,0,0,0,1
www.dmm.co.jp,0,1,0,0,0,0,0
www.ew.com,0,0,0,0,0,0,1
www.starbaby.cn,0,0,0,0,0,0,0
www.sfgate.com,0,10,1,4,5,0,7
lacaixa.es,0,0,0,0,0,0,0
www.twoo.com,0,0,0,0,0,0,0
www.hubspot.com,0,3,0,0,0,0,3
www.google.be,0,0,0,0,0,0,0
www.google.bg,0,0,0,0,0,0,0
www.majesticseo.com,0,0,0,0,0,0,0
www.google.de,0,0,0,0,0,0,0
billdesk.com,0,1,1,0,0,0,0
www.lpcloudbox328.com,0,0,0,0,0,0,1
www.traidnt.net,0,0,0,0,0,0,0
sourceforge.net,0,3,3,0,1,0,2
www.google.cz,0,0,0,0,0,0,0
www.liveinternet.ru,0,0,0,0,0,0,0
conduit.com,0,0,0,0,0,0,0
www.telegraph.co.uk,0,1,1,0,0,0,0
www.google.co.jp,0,0,0,0,0,0,0
e.nikkei.com,0,0,0,0,0,0,0
www.templatemonster.com,0,2,2,0,0,0,4
vk.com,0,0,0,0,0,0,0
www.google.cn,0,0,0,0,0,0,0
addmefast.com,0,6,2,0,0,0,1
www.google.cl,0,0,0,0,0,0,0
ezinearticles.com,0,1,1,0,0,0,0
mpnrs.com,0,0,0,0,0,0,0
www.weebly.com,0,5,3,0,0,0,4
www.google.ch,0,0,0,0,0,0,0
www.united.com,0,0,0,0,0,0,0
www.lemonde.fr,0,0,0,0,0,0,0
yts.re,0,0,0,0,0,11,0
www.viralnova.com,0,2,0,0,0,0,2
www.salesforce.com,0,2,2,0,2,2,0
all-free-download.com,0,0,0,0,0,0,0
www.liveleak.com,0,2,0,0,0,0,0
www.neobux.com,0,2,0,0,0,0,0
www.swagbucks.com,0,9,8,0,0,0,12
www.icmwebserv.com,0,0,0,0,0,0,0
www.ndtv.com,0,0,0,0,0,0,1
www.behance.net,0,2,0,0,0,1,0
www.nokia.be,0,0,0,0,0,0,0
login.flipora.com,0,0,0,0,0,0,0
filehippo.com,0,1,0,0,0,0,1
www.redtube.com,0,1,1,0,0,16,0
www.sex.com,0,0,0,0,0,0,0
getbootstrap.com,0,1,0,0,0,0,0
www.groupon.com,0,0,0,0,0,0,0
eastday.com,0,0,0,0,0,0,1
snapdo.com,0,0,0,0,0,0,0
www.linternaute.com,0,4,1,0,0,0,4
as.com,0,14,0,0,3,5,0
www.ettoday.net,0,1,0,0,0,0,0
adf.ly,0,7,5,0,0,0,0
www.babycenter.com,0,1,0,0,0,0,0
www.google.at,0,0,0,0,0,0,1
postimage.org,0,1,0,0,0,0,0
www.constantcontact.com,0,1,0,1,0,0,3
www.google.az,0,0,0,0,0,0,0
bitly.com,0,3,0,0,0,0,0
us.24h.com.vn,0,0,0,0,0,0,0
www.box.com,0,0,0,0,0,0,0
be.indeed.com,0,0,0,0,0,0,0
gfycat.com,0,0,0,0,0,0,1
woothemes.com,0,0,0,0,0,0,0
www.google.ae,0,0,0,0,0,0,0
www.sitepoint.com,0,1,1,0,0,0,1
www.google.com.kw,0,0,0,0,0,0,0
www.change.org,0,5,1,0,0,0,0
basecamp.com,0,1,0,0,0,0,0
www.youjizz.com,0,1,0,0,0,0,1
www.searchengines.ru,0,2,0,0,2,0,0
www.nicovideo.jp,0,0,0,0,0,0,0
www.pingdom.com,0,1,0,0,0,0,0
turbobit.net,0,0,0,0,0,0,0
habrahabr.ru,0,0,0,0,0,0,0
www.cnmo.com,0,9,3,4,2,0,3
www.rednet.cn,0,3,2,0,0,1,2
www.mozilla.org,0,0,0,0,0,0,0
www.skysports.com,0,1,0,0,0,0,0
www.google.com.ly,0,0,0,0,0,0,0
acesse.com,0,1,0,0,0,0,0
www.mysearchresults.com,0,4,0,0,1,0,0
www.agoda.com,0,1,0,0,1,5,4
www.ibm.com,0,5,0,0,1,0,0
www.intuit.com,0,10,0,0,2,15,1
s.m2pub.com,0,0,0,0,0,0,0
www.tokobagus.com,0,0,0,0,0,0,0
portal.libertagia.com,0,3,0,1,1,4,1
www.etao.com,0,1,0,1,0,0,0
www.mercadolibre.com.ve,0,3,1,0,6,0,4
www.google.co.nz,0,0,0,0,0,0,0
www.instructables.com,0,0,0,0,0,0,0
www.qtrax.com,0,1,1,1,0,0,2
php.net,0,0,0,0,0,0,1
home.mywebsearch.com,0,2,0,0,0,0,0
www.bhphotovideo.com,0,0,0,0,0,0,1
en.forgeofempires.com,0,0,0,0,0,0,0
www.primewire.ag,0,1,0,0,0,0,0
pages.github.com,0,0,0,0,0,0,0
www.gome.com.cn,0,3,3,0,0,0,2
www.iplt20.com,0,1,0,0,0,0,1
pastebin.com,0,0,0,0,0,0,0
www.people.com,0,0,0,0,0,0,0
allegro.pl,0,0,0,0,0,0,0
disney.com,0,5,1,0,0,0,0
www.bodybuilding.com,0,0,0,0,1,0,0
www.google.com.mx,0,0,0,0,0,0,0
www.google.com.my,0,0,0,0,0,0,0
digg.com,0,1,0,0,0,0,0
www.4shared.com,0,2,0,0,1,0,0
www.istockphoto.com,0,6,0,0,1,0,0
www.zendesk.com,0,3,0,0,0,0,0
www.thefreedictionary.com,0,2,2,1,0,0,2
www.makemytrip.com,0,3,0,0,0,0,0
wap.ce.cn,0,0,0,0,0,0,0
beeg.com,0,3,2,0,1,0,3
www.bravotube.net,0,4,1,0,1,0,1
hstpnetwork.com,0,0,0,0,0,0,0
renren.com,0,6,1,0,0,0,0
www.shaadi.com,0,0,0,0,0,0,0
slickdeals.net,0,16,1,0,1,0,2
www.petflow.com,0,18,1,0,0,1,5
tractionize.com,0,2,0,0,0,0,0
www.google.com.vn,0,0,0,0,0,0,0
www.irs.gov,0,4,0,1,0,4,0
kickass.to,0,1,0,0,0,0,0
naverland.naver.jp,0,0,0,0,0,0,0
0427d7.se,0,1,0,0,0,0,0
www.eluniversal.com.mx,0,0,0,0,0,0,0
www.clarin.com,0,0,0,0,0,0,2
www.ask.com,0,0,0,0,0,0,0
360.cn,0,0,0,0,0,0,0
www.pixnet.net,0,1,0,0,0,0,0
www.wordreference.com,0,1,1,0,0,0,0
www.facebook.com,0,9,0,0,1,0,0
www.google.nl,0,0,0,0,0,0,0
www.google.no,0,0,0,0,0,0,0
foursquare.com,0,0,0,0,0,0,0
srv123.com,0,0,0,0,0,0,0
www.xvideos.com,0,1,0,0,0,0,0
nl.123rf.com,0,1,0,0,1,0,4
www.imdb.com,0,0,0,0,1,0,0
www.independent.co.uk,0,3,0,2,0,1,4
www.zoho.com,0,0,0,0,0,0,2
www.ebay.in,0,0,0,0,0,0,0
www.elmundo.es,0,0,0,0,0,0,0
www.avast.com,0,0,0,0,0,0,1
www.ltn.com.tw,0,0,0,0,0,0,0
www.ixxx.com,0,0,0,0,0,0,0
www.nba.com,0,11,0,0,1,0,0
www.ebay.it,0,0,0,0,0,0,0
www.lequipe.fr,0,6,1,2,2,1,1
www.google.kz,0,0,0,0,0,0,0
www.163.com,0,2,2,0,0,0,6
www.focus.de,0,5,0,0,1,0,1
www.orange.fr,0,7,2,0,1,0,1
www.google.lk,0,0,0,0,0,0,0
shareasale.com,0,0,0,0,0,0,0
www.slideshare.net,0,1,0,0,1,0,0
www.pinterest.com,0,0,0,0,0,0,0
www.usatoday.com,0,4,1,0,0,0,3
www.realtor.com,0,0,0,0,0,0,0
www.eazel.com,0,7,2,0,1,0,1
www.google.co.il,0,0,0,0,0,0,0
www.google.com.sg,0,0,0,0,0,0,0
www.latimes.com,0,1,0,0,0,0,0
www.google.com.sa,0,0,0,0,0,0,0
www.google.hu,0,0,0,0,0,0,0
www.zazzle.com,0,1,0,0,1,0,0
www.yahoo.co.jp,0,5,0,1,0,0,1
www.google.hr,0,0,0,0,0,0,0
www.zulily.com,0,8,0,0,2,0,0
www.google.co.in,0,0,0,0,0,0,0
www.whitepages.com,0,2,1,0,0,0,1
www.infusionsoft.com,0,5,0,0,0,0,3
www.shopify.com,0,1,0,0,0,0,0
www.sahadan.com,0,1,1,0,0,0,0
en.cam4.be,0,12,0,0,1,0,0
www.paypal.com,0,0,0,0,0,0,0
www.bet365.com,0,0,0,0,0,0,0
www.free-tv-video-online.me,0,2,0,0,3,3,0
www.google.ie,0,0,0,0,0,0,0
awesomehp.com,0,1,0,1,0,1,2
www.pconline.com.cn,0,0,0,0,0,0,0
www.theblaze.com,0,10,4,4,4,0,6
www.goo.ne.jp,0,2,2,0,0,0,0
www.nifty.com,0,0,0,0,0,0,0
www.pcgames.com.cn,0,0,0,0,0,0,0
www.amazon.com,0,0,0,0,0,1,0
www.alibaba.com,0,0,0,0,0,0,0
www.google.it,0,0,0,0,0,0,0
www.quikr.com,0,0,0,0,0,0,0
www.imagebam.com,0,4,2,1,0,0,0
www.google.co.id,0,0,0,0,0,0,0
www.ebay.de,0,0,0,0,0,0,0
asia.nikkei.com,0,0,0,0,0,0,0
www.hdfcbank.com,0,0,0,0,0,0,0
www.scoop.it,0,1,0,0,0,0,1
www.xda-developers.com,0,3,1,1,0,0,0
www.bestbuy.com,0,0,0,0,0,0,0
www.xtube.com,0,0,0,0,0,2,0
www.myfreecams.com,0,0,0,0,0,0,0
en.savefrom.net,0,0,0,0,0,0,0
en.popmog.com,0,1,0,0,2,0,0
verizon.com,0,0,0,0,0,0,0
www.allocine.fr,0,4,0,0,3,0,1
www.google.fi,0,0,0,0,0,0,0
www.citrix.com,0,3,0,0,0,0,0
eu.battle.net,0,0,0,0,0,0,0
www.google.fr,0,0,0,0,0,0,0
www.google.com.ua,0,0,0,0,0,0,0
www.google.com.tr,0,0,0,0,1,0,0
www.ameba.jp,0,0,0,0,0,0,0
www.google.com.tw,0,0,0,0,0,0,0
shorte.st,0,0,0,0,0,0,0
www.rottentomatoes.com,0,1,0,0,0,0,0
www.tripadvisor.co.uk,0,1,0,0,0,0,0
www.gumtree.com,0,0,0,0,0,0,0
www.ashleyrnadison.com,0,0,0,0,0,6,0
www.chip.de,0,1,0,0,4,0,0
soso.com,0,0,0,0,0,0,0
webs.com,0,8,0,0,1,0,2
www.idnes.cz,0,1,0,0,0,0,0
www.wideinfo.org,0,0,0,0,0,0,0
www.firstpost.com,0,5,1,0,0,0,1
www.yandex.ua,0,7,0,1,2,10,0
2345.com,0,3,1,0,0,2,2
500px.com,0,0,0,0,0,0,0
www.google.gr,0,0,0,0,0,0,0
www.bestusefuldownloads.com,0,1,0,0,0,0,0
steamcommunity.com,0,0,0,0,0,0,0
shop.nordstrom.com,0,0,0,0,1,1,0
www.ebay.fr,0,0,0,0,0,0,0
video-one.com,0,0,0,0,0,0,0
hootsuite.com,0,0,0,0,0,0,1
www.yandex.ru,0,0,0,0,0,0,0
mlb.mlb.com,0,0,0,0,0,0,0
www.webmd.com,0,1,1,0,0,4,0
www.leboncoin.fr,0,0,0,0,0,0,0
www.firedrive.com,0,2,0,0,0,0,0
www.gulfup.com,0,0,0,0,0,0,0
www.sohu.com,0,4,1,1,0,0,1
new.livejasmin.com,0,0,0,0,0,0,0
www.uol.com.br,0,1,0,0,0,0,0
www.mercadolivre.com.br,0,3,1,0,6,0,0
www.freelancer.com,0,1,1,0,0,0,0
www.bild.de,0,3,1,0,0,0,2
gawker.com,0,1,0,0,0,0,0
www.espncricinfo.com,0,7,5,7,0,0,10
www.businessweek.com,0,1,0,0,1,3,0
www.tagged.com,0,5,2,0,0,0,1
www.pof.com,0,0,0,0,0,0,1
appledaily.com.tw,0,8,1,0,0,0,0
biglobe.ne.jp,0,0,0,0,0,0,0
www.rediff.com,0,0,0,0,0,0,0
www.haber7.com,0,0,0,0,0,0,0
www.xe.com,0,0,0,0,0,0,0
hidemyass.com,0,1,0,0,0,0,0
www.hp.com,0,1,0,0,0,0,0
www.disney.be,0,0,0,0,0,0,0
www.abc.es,0,2,2,0,1,0,1
www.meetup.com,0,5,0,0,0,0,0
www.wow.com,0,0,0,0,0,0,0
www.tmz.com,0,3,0,5,1,1,1
2ch.net,0,0,0,0,0,0,0
www.pornerbros.com,0,0,0,0,0,0,0
weheartit.com,0,0,0,0,0,0,0
www.google.com.ar,0,0,0,0,0,0,0
www.google.com.au,0,0,0,0,0,0,0
sports.bwin.be,0,0,0,0,1,0,0
www.deezer.com,0,6,2,0,0,0,3
www.livedoor.com,0,0,0,0,0,0,0
www.onlylady.com,0,1,1,0,2,0,0
www.aizhan.com,0,4,3,0,0,0,0
www.sberbank.ru,0,0,0,0,0,0,0
www.bloomberg.com,0,0,0,0,0,7,0
www.staples.com,0,0,0,0,0,0,0
www.klikbca.com,0,0,0,0,0,0,0
www.google.se,0,0,0,0,0,0,0
lifehacker.com,0,0,0,0,1,0,0
www.google.sk,0,0,0,0,0,0,0
privatehomeclips.com,0,1,0,0,0,0,0
www.kohls.com,0,4,0,0,0,0,0
www.amazon.it,0,0,0,0,0,0,0
www.amazon.in,0,0,0,0,0,0,0
www.indiatodaygroup.com,0,0,0,0,0,1,0
m2newmedia.com,0,0,0,0,0,0,1
www.dropbox.com,0,1,0,0,0,0,0
www.eventbrite.com,0,0,0,0,0,0,0
tempsreel.nouvelobs.com,0,2,0,0,1,4,1
www.google.ru,0,0,0,0,0,0,0
youm7.com,0,10,0,0,0,0,0
prntscr.com,0,1,0,0,0,0,1
www.amazon.es,0,0,0,0,0,0,0
www.ebay.com,0,1,1,0,1,0,0
www.etsy.com,0,0,0,0,0,0,0
www.smh.com.au,0,9,0,2,0,0,0
xfinity.comcast.net,0,5,2,0,0,0,0
www.google.rs,0,0,0,0,0,0,0
www.nbcsports.com,0,2,0,0,0,0,0
www.businessinsider.com,0,3,1,1,0,0,2
www.google.ro,0,0,0,0,0,0,0
www.varzesh3.com,0,0,0,0,0,0,0
www.twitch.tv,0,8,7,0,1,0,2
www.nbcnews.com,0,4,2,0,1,0,0
watchseries.lt,0,0,0,0,0,0,4
www.xgo.com.cn,0,1,1,0,1,0,0
www.amazon.fr,0,0,0,0,0,0,0
www.youporn.com,0,2,1,0,0,16,0
www.nytimes.com,0,1,1,0,0,0,1
www.tube8.com,0,2,1,0,0,16,0
www.sueddeutsche.de,0,3,0,0,0,0,0
www.kinopoisk.ru,0,21,15,0,2,0,2
www.ouedkniss.com,0,0,0,0,0,0,2
www.naver.com,0,5,4,3,3,2,2
www.linkedin.com,0,11,9,0,0,0,2
tw.gigacircle.com,0,1,0,0,0,0,1
xhamster.com,0,1,1,0,0,0,0
www.dailymotion.com,0,0,0,0,0,0,0
www.nhl.com,0,8,4,0,1,0,0
www.spiegel.de,0,1,0,0,0,0,0
evernote.com,0,4,0,0,0,0,0
installerapplicationusa.com,0,0,0,0,0,0,0
www.sears.com,0,0,0,0,0,0,1
mixi.jp,0,0,0,0,0,0,2
www.google.pt,0,0,0,0,0,0,0
premium.wpmudev.org,0,2,1,0,0,0,0
www.semrush.com,0,1,0,0,1,0,0
ce.cn,0,0,0,0,0,0,0
www.gmx.net,0,8,6,0,3,1,2
www.google.pl,0,0,0,0,0,0,0
taboola.com,0,0,0,0,0,0,0
euw.leagueoflegends.com,0,0,0,0,0,0,1
www.ustream.tv,0,0,0,0,0,0,0
www.theguardian.com,0,7,3,0,0,0,0
www.amazon.de,0,0,0,0,0,0,0
be.msn.com,0,2,0,0,0,8,0
www.hongkiat.com,0,4,1,0,0,0,1
www.cj.com,0,2,0,1,0,4,0
www.wikimedia.org,0,0,0,0,0,0,0
www.beytoote.com,0,2,1,2,1,1,5
www.51fanli.com,0,1,1,0,0,0,0
www.apple.com,0,0,0,0,0,0,0
www.wetransfer.com,0,0,0,0,0,0,0
soundcloud.com,0,0,0,0,0,0,0
www.appisys.com,0,2,0,0,0,0,0
pixlr.com,0,0,0,0,0,0,0
www.woothemes.com,0,36,36,0,0,0,5
www.xing.com,0,0,0,0,0,0,0
optmd.com,0,0,0,0,0,0,0
17ok.com,0,0,0,0,0,0,0
www.huffingtonpost.com,0,1,0,0,0,0,0
aws.amazon.com,0,6,0,0,0,0,1
mega.co.nz,0,0,0,0,0,0,0
www.shutterstock.com,0,4,1,0,0,0,0
loading-delivery1.com,0,0,0,0,0,0,0
www.clicksvenue.com,0,0,0,0,0,0,0
tutsplus.com,0,0,0,0,0,0,0
www.douban.com,0,0,0,0,0,0,0
www.skype.com,0,1,0,0,2,4,0
us.sulekha.com,0,3,2,0,0,0,0
china.com,0,6,4,0,0,9,1
www.backpage.com,0,0,0,0,0,0,0
www.ehowenespanol.com,0,1,1,0,0,0,0
www.google.co.uk,0,0,0,0,0,0,0
www.hespress.com,0,0,0,0,0,0,0
www.comcast.com,0,0,0,0,0,0,0
www.w3schools.com,0,3,2,0,0,0,0
www.drtuber.com,0,2,0,0,0,0,2
www.kickstarter.com,0,1,0,0,0,0,0
online.wsj.com,0,2,0,0,0,0,0
www.yandex.kz,0,0,0,0,0,0,0
www.amazon.ca,0,0,0,0,0,0,0
www.life.com.tw,0,2,0,0,0,0,1
www.merriam-webster.com,0,0,0,0,0,0,0
www.vice.com,0,6,3,0,0,0,0
www.hardsextube.com,0,0,0,0,0,0,0
web.de,0,0,0,0,0,0,0
www.google.co.ve,0,0,0,0,0,0,0
www.linksynergy.com,0,0,0,0,0,0,0
www.bankofamerica.com,0,0,0,0,0,0,0
www.iqiyi.com,0,2,1,0,0,1,0
www.bhaskar.com,0,5,0,0,0,0,1
www.detik.com,0,1,0,0,0,0,0
msn.foxsports.com,0,2,0,0,3,0,4
www.ikea.com,0,0,0,0,0,0,0
www.ancestry.com,0,0,0,0,0,0,1
www.t-online.de,0,16,1,0,0,2,2
www.azlyrics.com,0,0,0,0,0,0,0
ck101.com,0,1,0,0,0,1,1
www.cracked.com,0,0,0,0,0,0,1
baomihua.com,0,0,0,0,0,0,0
www.gazzetta.it,0,2,1,0,0,0,0
gamer.com.tw,0,0,0,6,0,0,0
www.babytree.com,0,0,0,0,0,0,0
www.opensiteexplorer.org,0,6,1,0,0,0,0
chinaz.com,0,1,1,0,0,0,4
odnoklassniki.ru,0,7,1,0,0,0,0
olx.pl,0,0,0,0,0,0,0
www.reference.com,0,0,0,0,0,0,0
www.subito.it,0,0,0,0,1,0,0
www.lefigaro.fr,0,3,1,0,0,0,2
www.idealo.de,0,11,0,0,0,0,0
www.jrj.com.cn,0,0,0,0,0,0,2
www.upworthy.com,0,3,2,0,0,0,1
www.google.co.th,0,0,0,0,0,0,0
www.google.com.hk,0,0,0,0,0,0,0
www.probux.com,0,0,0,0,0,0,0
www.weibo.com,0,0,0,0,0,0,0
www.ebay.com.au,0,0,0,0,0,0,0
uploaded.net,0,3,1,0,0,0,0
www.seznam.cz,0,0,0,0,0,0,0
www.youtube.com,0,0,0,0,0,0,0
www.google.com.co,0,0,0,0,0,0,0
www.aparat.com,0,0,0,0,0,0,5
www.theverge.com,0,8,0,0,1,0,0
www.livescore.com,0,5,0,0,1,1,18
www.state.gov,0,0,0,0,0,0,0
www.adnxs.com,0,0,0,0,0,0,0
adsterra.com,0,1,0,0,0,0,0
graphicriver.net,0,0,0,0,0,0,0
www.slate.com,0,2,0,0,0,0,1
www.reverso.net,0,2,0,0,0,0,0
9gag.tv,0,1,0,0,0,0,0
www.google.com.br,0,0,0,0,1,0,0
www.chron.com,0,15,2,4,5,7,12
www.mobile.de,0,1,0,0,1,0,0
codecanyon.net,0,0,0,0,0,0,0
www.tabnak.ir,0,0,0,0,0,0,0
www.ted.com,0,0,0,0,0,0,0
www.doorblog.jp,0,0,0,0,0,0,0
www.google.co.za,0,0,0,0,0,0,0
bleacherreport.com,0,17,9,0,0,0,1
r10.net,0,4,2,0,0,0,0
www.google.com.bd,0,0,0,0,0,0,0
coccoc.com,0,2,0,0,1,4,0
www.premierleague.com,0,0,0,0,0,0,0
www.foodnetwork.com,0,0,0,0,0,0,0
www.avg.com,0,0,0,0,0,0,0
www.mobile01.com,0,2,1,0,0,0,0
www.sporx.com,0,0,0,0,0,0,0
www.southwest.com,0,0,0,0,0,0,0
www.sapo.pt,0,2,1,0,2,0,12
www.goodreads.com,0,1,0,0,0,0,0
www.glassdoor.com,0,1,0,0,0,0,0
go.turboloves.net,0,0,0,0,0,0,0
www.google.com.eg,0,0,0,0,0,0,0
vube.com,0,7,1,0,0,3,1
www.google.com.ec,0,0,0,0,0,0,0
admngronline.com,0,0,0,0,0,0,0
www.flipkart.com,0,5,1,0,2,0,0
screencast.com,0,2,0,0,0,0,0
www.almasryalyoum.com,0,8,3,1,0,5,1
www.verizon.com,0,0,0,0,0,0,0
www.google.com.do,0,0,0,0,0,0,0
www.wikipedia.org,0,0,0,0,0,0,0
www.zergnet.com,0,1,0,0,0,0,1
123srv.com,0,0,0,0,0,0,0
faithtap.com,0,2,0,0,0,0,0
www.npr.org,0,0,0,0,0,0,0
www.buzzfeed.com,0,5,2,0,0,0,2
canadaalltax.com,0,0,0,0,0,0,0
www.gotomeeting.com,0,13,0,0,1,0,0
